"https://i.redd.it/1nlgrn49x7ry.jpg","#c7ad88","#caae89","#c8ae89"
"https://i.redd.it/cwljeujku33z.jpg","#d0a66a","#d1a76b","#d2a86c"
"https://i.redd.it/sn7ufk9fsv4z.jpg","#b61412","#af1716","#b71113"
"https://i.redd.it/ru12lvaf7jyy.jpg","#261616","#271718","#271717"
"https://i.redd.it/ax4eueu0szpy.jpg","#bda19d","#b49894","#b69a96"
"https://i.redd.it/4m5yk8gjrtzy.jpg","#f11","#1022","#e00"
"https://i.redd.it/h5t3qddvvzry.jpg","#706353","#716454","#6f6252"
"https://i.redd.it/ihczg3pmle3z.jpg","#849078","#8c9880","#828e76"
"https://i.redd.it/0qow2dksb34z.jpg","#9fcaec","#9ecbec","#8ac5f1"
"https://i.redd.it/c5pk0vnpg3ty.jpg","#6e81cd","#6e81ce","#6e82cb"
"https://i.redd.it/xae65ypfqycy.jpg","#c83a2e","#c24541","#703030"
"https://i.redd.it/s5viyluv421z.jpg","#7a522f","#79512e","#7b5330"
"https://i.redd.it/fsuv32a1cc9y.jpg","#997b70","#9d7c6d","#96786d"
"https://i.redd.it/n9jq5j2tatcy.jpg","#f3ffff","#f3feff","#f4ffff"
"https://i.imgur.com/HRgRMOw.jpg","#408a59","#40895b","#3a47a5"
"https://i.redd.it/xae65ypfqycy.jpg","#c83a2e","#c24541","#703030"
"https://i.redd.it/1nlgrn49x7ry.jpg","#c7ad88","#caae89","#c8ae89"
"https://i.redd.it/w5q6gldnvcuy.jpg","#a0857a","#a3887d","#a1867b"
"https://i.redd.it/s5viyluv421z.jpg","#7a522f","#79512e","#7b5330"
"https://i.redd.it/h5t3qddvvzry.jpg","#706353","#716454","#6f6252"
"https://i.redd.it/w5q6gldnvcuy.jpg","#a0857a","#a3887d","#a1867b"
"https://i.redd.it/7ofdqmp53bzy.jpg","#978a6a","#968969","#958868"
"https://i.redd.it/cpkq97klre4z.jpg","#b3a290","#b09f8d","#b1a08e"
"https://i.redd.it/rubsfuf64lvy.jpg","#dbe6ec","#dce7ed","#dde8ee"
"https://i.redd.it/guul6eld2soy.jpg","#6b7b94","#6d7d96","#6a7e96"
"https://i.redd.it/sn7ufk9fsv4z.jpg","#b61412","#af1716","#b71113"
"https://i.redd.it/n9jq5j2tatcy.jpg","#f3ffff","#f3feff","#f4ffff"
"https://i.redd.it/0qow2dksb34z.jpg","#9fcaec","#9ecbec","#8ac5f1"
"https://i.imgur.com/HRgRMOw.jpg","#408a59","#40895b","#3a47a5"
"https://i.redd.it/rubsfuf64lvy.jpg","#dbe6ec","#dce7ed","#dde8ee"
"https://i.redd.it/7ofdqmp53bzy.jpg","#978a6a","#968969","#958868"
"https://i.redd.it/cwljeujku33z.jpg","#d0a66a","#d1a76b","#d2a86c"
"https://i.redd.it/fsuv32a1cc9y.jpg","#997b70","#9d7c6d","#96786d"
"https://i.redd.it/ihczg3pmle3z.jpg","#849078","#8c9880","#828e76"
"https://i.redd.it/cpkq97klre4z.jpg","#b3a290","#b09f8d","#b1a08e"
"https://i.redd.it/m4cfqp8wfv5z.jpg","#a4978e","#a5988f","#a69990"
"https://i.redd.it/tb5pckm6e72y.jpg","#938264","#928163","#aea18e"
"https://i.redd.it/fyqzavufvjwy.jpg","#dcb083","#daae81","#dbaf82"
"https://i.redd.it/lsuw4p2ncyny.jpg","#af7536","#ae7435","#b07638"
"https://i.redd.it/4m5yk8gjrtzy.jpg","#f11","#1022","#e00"
"https://i.redd.it/ru12lvaf7jyy.jpg","#261616","#271718","#271717"
"https://i.redd.it/c5pk0vnpg3ty.jpg","#6e81cd","#6e81ce","#6e82cb"
"https://i.redd.it/ax4eueu0szpy.jpg","#bda19d","#b49894","#b69a96"
"https://i.redd.it/guul6eld2soy.jpg","#6b7b94","#6d7d96","#6a7e96"
"https://i.redd.it/m4cfqp8wfv5z.jpg","#a4978e","#a5988f","#a69990"
"https://i.redd.it/cwljeujku33z.jpg","#d0a66a","#d1a76b","#d2a86c"
"https://i.redd.it/fsuv32a1cc9y.jpg","#997b70","#9d7c6d","#96786d"
"https://i.redd.it/ihczg3pmle3z.jpg","#849078","#8c9880","#828e76"
"https://i.redd.it/cpkq97klre4z.jpg","#b3a290","#b09f8d","#b1a08e"
"https://i.redd.it/sn7ufk9fsv4z.jpg","#b61412","#af1716","#b71113"
"https://i.redd.it/tb5pckm6e72y.jpg","#938264","#928163","#aea18e"
"https://i.redd.it/fyqzavufvjwy.jpg","#dcb083","#daae81","#dbaf82"
"https://i.redd.it/lsuw4p2ncyny.jpg","#af7536","#ae7435","#b07638"
"https://i.redd.it/4m5yk8gjrtzy.jpg","#f11","#1022","#e00"
"https://i.redd.it/xae65ypfqycy.jpg","#c83a2e","#c24541","#703030"
"https://i.redd.it/n9jq5j2tatcy.jpg","#f3ffff","#f3feff","#f4ffff"
"https://i.redd.it/0qow2dksb34z.jpg","#9fcaec","#9ecbec","#8ac5f1"
"https://i.imgur.com/HRgRMOw.jpg","#408a59","#40895b","#3a47a5"
"https://i.redd.it/rubsfuf64lvy.jpg","#dbe6ec","#dce7ed","#dde8ee"
"https://i.redd.it/ru12lvaf7jyy.jpg","#261616","#271718","#271717"
"https://i.redd.it/1nlgrn49x7ry.jpg","#c7ad88","#caae89","#c8ae89"
"https://i.redd.it/w5q6gldnvcuy.jpg","#a0857a","#a3887d","#a1867b"
"https://i.redd.it/s5viyluv421z.jpg","#7a522f","#79512e","#7b5330"
"https://i.redd.it/h5t3qddvvzry.jpg","#706353","#716454","#6f6252"
"https://i.redd.it/7ofdqmp53bzy.jpg","#978a6a","#968969","#958868"
"https://i.redd.it/c5pk0vnpg3ty.jpg","#6e81cd","#6e81ce","#6e82cb"
"https://i.redd.it/ax4eueu0szpy.jpg","#bda19d","#b49894","#b69a96"
"https://i.redd.it/guul6eld2soy.jpg","#6b7b94","#6d7d96","#6a7e96"
"https://i.redd.it/m4cfqp8wfv5z.jpg","#a4978e","#a5988f","#a69990"
"https://i.redd.it/tb5pckm6e72y.jpg","#938264","#928163","#aea18e"
"https://i.redd.it/fsuv32a1cc9y.jpg","#997b70","#9d7c6d","#96786d"
"https://i.redd.it/ihczg3pmle3z.jpg","#849078","#8c9880","#828e76"
"https://i.redd.it/cpkq97klre4z.jpg","#b3a290","#b09f8d","#b1a08e"
"https://i.redd.it/sn7ufk9fsv4z.jpg","#b61412","#af1716","#b71113"
"https://i.redd.it/n9jq5j2tatcy.jpg","#f3ffff","#f3feff","#f4ffff"
"https://i.redd.it/0qow2dksb34z.jpg","#9fcaec","#9ecbec","#8ac5f1"
"https://i.imgur.com/HRgRMOw.jpg","#408a59","#40895b","#3a47a5"
"https://i.redd.it/rubsfuf64lvy.jpg","#dbe6ec","#dce7ed","#dde8ee"
"https://i.redd.it/ru12lvaf7jyy.jpg","#261616","#271718","#271717"
"https://i.redd.it/c5pk0vnpg3ty.jpg","#6e81cd","#6e81ce","#6e82cb"
"https://i.redd.it/fyqzavufvjwy.jpg","#dcb083","#daae81","#dbaf82"
"https://i.redd.it/lsuw4p2ncyny.jpg","#af7536","#ae7435","#b07638"
"https://i.redd.it/4m5yk8gjrtzy.jpg","#f11","#1022","#e00"
"https://i.redd.it/xae65ypfqycy.jpg","#c83a2e","#c24541","#703030"
"https://i.redd.it/1nlgrn49x7ry.jpg","#c7ad88","#caae89","#c8ae89"
"https://i.redd.it/w5q6gldnvcuy.jpg","#a0857a","#a3887d","#a1867b"
"https://i.redd.it/s5viyluv421z.jpg","#7a522f","#79512e","#7b5330"
"https://i.redd.it/h5t3qddvvzry.jpg","#706353","#716454","#6f6252"
"https://i.redd.it/7ofdqmp53bzy.jpg","#978a6a","#968969","#958868"
"https://i.redd.it/cwljeujku33z.jpg","#d0a66a","#d1a76b","#d2a86c"
"https://i.redd.it/ax4eueu0szpy.jpg","#bda19d","#b49894","#b69a96"
"https://i.redd.it/guul6eld2soy.jpg","#6b7b94","#6d7d96","#6a7e96"
"https://i.redd.it/m4cfqp8wfv5z.jpg","#a4978e","#a5988f","#a69990"
"https://i.redd.it/tb5pckm6e72y.jpg","#938264","#928163","#aea18e"
"https://i.redd.it/fyqzavufvjwy.jpg","#dcb083","#daae81","#dbaf82"
"https://i.redd.it/ihczg3pmle3z.jpg","#849078","#8c9880","#828e76"
"https://i.redd.it/cpkq97klre4z.jpg","#b3a290","#b09f8d","#b1a08e"
"https://i.redd.it/sn7ufk9fsv4z.jpg","#b61412","#af1716","#b71113"
"https://i.redd.it/n9jq5j2tatcy.jpg","#f3ffff","#f3feff","#f4ffff"
"https://i.redd.it/0qow2dksb34z.jpg","#9fcaec","#9ecbec","#8ac5f1"
"https://i.imgur.com/HRgRMOw.jpg","#408a59","#40895b","#3a47a5"
"https://i.redd.it/rubsfuf64lvy.jpg","#dbe6ec","#dce7ed","#dde8ee"
"https://i.redd.it/ru12lvaf7jyy.jpg","#261616","#271718","#271717"
"https://i.redd.it/c5pk0vnpg3ty.jpg","#6e81cd","#6e81ce","#6e82cb"
"https://i.redd.it/ax4eueu0szpy.jpg","#bda19d","#b49894","#b69a96"
"https://i.redd.it/4m5yk8gjrtzy.jpg","#f11","#1022","#e00"
"https://i.redd.it/xae65ypfqycy.jpg","#c83a2e","#c24541","#703030"
"https://i.redd.it/1nlgrn49x7ry.jpg","#c7ad88","#caae89","#c8ae89"
"https://i.redd.it/w5q6gldnvcuy.jpg","#a0857a","#a3887d","#a1867b"
"https://i.redd.it/s5viyluv421z.jpg","#7a522f","#79512e","#7b5330"
"https://i.redd.it/lsuw4p2ncyny.jpg","#af7536","#ae7435","#b07638"
"https://i.redd.it/4m5yk8gjrtzy.jpg","#f11","#1022","#e00"
"https://i.redd.it/xae65ypfqycy.jpg","#c83a2e","#c24541","#703030"
"https://i.redd.it/1nlgrn49x7ry.jpg","#c7ad88","#caae89","#c8ae89"
"https://i.redd.it/w5q6gldnvcuy.jpg","#a0857a","#a3887d","#a1867b"
"https://i.redd.it/s5viyluv421z.jpg","#7a522f","#79512e","#7b5330"
"https://i.redd.it/h5t3qddvvzry.jpg","#706353","#716454","#6f6252"
"https://i.redd.it/7ofdqmp53bzy.jpg","#978a6a","#968969","#958868"
"https://i.redd.it/cwljeujku33z.jpg","#d0a66a","#d1a76b","#d2a86c"
"https://i.redd.it/fsuv32a1cc9y.jpg","#997b70","#9d7c6d","#96786d"
"https://i.redd.it/rubsfuf64lvy.jpg","#dbe6ec","#dce7ed","#dde8ee"
"https://i.redd.it/ru12lvaf7jyy.jpg","#261616","#271718","#271717"
"https://i.redd.it/c5pk0vnpg3ty.jpg","#6e81cd","#6e81ce","#6e82cb"
"https://i.redd.it/ax4eueu0szpy.jpg","#bda19d","#b49894","#b69a96"
"https://i.redd.it/guul6eld2soy.jpg","#6b7b94","#6d7d96","#6a7e96"
"https://i.redd.it/cpkq97klre4z.jpg","#b3a290","#b09f8d","#b1a08e"
"https://i.redd.it/sn7ufk9fsv4z.jpg","#b61412","#af1716","#b71113"
"https://i.redd.it/n9jq5j2tatcy.jpg","#f3ffff","#f3feff","#f4ffff"
"https://i.redd.it/0qow2dksb34z.jpg","#9fcaec","#9ecbec","#8ac5f1"
"https://i.imgur.com/HRgRMOw.jpg","#408a59","#40895b","#3a47a5"
"https://i.redd.it/h5t3qddvvzry.jpg","#706353","#716454","#6f6252"
"https://i.redd.it/7ofdqmp53bzy.jpg","#978a6a","#968969","#958868"
"https://i.redd.it/cwljeujku33z.jpg","#d0a66a","#d1a76b","#d2a86c"
"https://i.redd.it/fsuv32a1cc9y.jpg","#997b70","#9d7c6d","#96786d"
"https://i.redd.it/ihczg3pmle3z.jpg","#849078","#8c9880","#828e76"
"https://i.redd.it/guul6eld2soy.jpg","#6b7b94","#6d7d96","#6a7e96"
"https://i.redd.it/m4cfqp8wfv5z.jpg","#a4978e","#a5988f","#a69990"
"https://i.redd.it/tb5pckm6e72y.jpg","#938264","#928163","#aea18e"
"https://i.redd.it/fyqzavufvjwy.jpg","#dcb083","#daae81","#dbaf82"
"https://i.redd.it/lsuw4p2ncyny.jpg","#af7536","#ae7435","#b07638"
"https://i.redd.it/xae65ypfqycy.jpg","#c83a2e","#c24541","#703030"
"https://i.redd.it/1nlgrn49x7ry.jpg","#c7ad88","#caae89","#c8ae89"
"https://i.redd.it/w5q6gldnvcuy.jpg","#a0857a","#a3887d","#a1867b"
"https://i.redd.it/s5viyluv421z.jpg","#7a522f","#79512e","#7b5330"
"https://i.redd.it/h5t3qddvvzry.jpg","#706353","#716454","#6f6252"
"https://i.redd.it/sn7ufk9fsv4z.jpg","#b61412","#af1716","#b71113"
"https://i.redd.it/n9jq5j2tatcy.jpg","#f3ffff","#f3feff","#f4ffff"
"https://i.redd.it/0qow2dksb34z.jpg","#9fcaec","#9ecbec","#8ac5f1"
"https://i.imgur.com/HRgRMOw.jpg","#408a59","#40895b","#3a47a5"
"https://i.redd.it/rubsfuf64lvy.jpg","#dbe6ec","#dce7ed","#dde8ee"
"https://i.redd.it/m4cfqp8wfv5z.jpg","#a4978e","#a5988f","#a69990"
"https://i.redd.it/tb5pckm6e72y.jpg","#938264","#928163","#aea18e"
"https://i.redd.it/fyqzavufvjwy.jpg","#dcb083","#daae81","#dbaf82"
"https://i.redd.it/lsuw4p2ncyny.jpg","#af7536","#ae7435","#b07638"
"https://i.redd.it/4m5yk8gjrtzy.jpg","#f11","#1022","#e00"
"https://i.redd.it/ru12lvaf7jyy.jpg","#261616","#271718","#271717"
"https://i.redd.it/c5pk0vnpg3ty.jpg","#6e81cd","#6e81ce","#6e82cb"
"https://i.redd.it/ax4eueu0szpy.jpg","#bda19d","#b49894","#b69a96"
"https://i.redd.it/guul6eld2soy.jpg","#6b7b94","#6d7d96","#6a7e96"
"https://i.redd.it/m4cfqp8wfv5z.jpg","#a4978e","#a5988f","#a69990"
"https://i.redd.it/7ofdqmp53bzy.jpg","#978a6a","#968969","#958868"
"https://i.redd.it/cwljeujku33z.jpg","#d0a66a","#d1a76b","#d2a86c"
"https://i.redd.it/fsuv32a1cc9y.jpg","#997b70","#9d7c6d","#96786d"
"https://i.redd.it/ihczg3pmle3z.jpg","#849078","#8c9880","#828e76"
"https://i.redd.it/cpkq97klre4z.jpg","#b3a290","#b09f8d","#b1a08e"
"https://i.redd.it/cwljeujku33z.jpg","#d0a66a","#d1a76b","#d2a86c"
"https://i.redd.it/fsuv32a1cc9y.jpg","#997b70","#9d7c6d","#96786d"
"https://i.redd.it/ihczg3pmle3z.jpg","#849078","#8c9880","#828e76"
"https://i.redd.it/cpkq97klre4z.jpg","#b3a290","#b09f8d","#b1a08e"
"https://i.redd.it/sn7ufk9fsv4z.jpg","#b61412","#af1716","#b71113"
"https://i.redd.it/tb5pckm6e72y.jpg","#938264","#928163","#aea18e"
"https://i.redd.it/fyqzavufvjwy.jpg","#dcb083","#daae81","#dbaf82"
"https://i.redd.it/lsuw4p2ncyny.jpg","#af7536","#ae7435","#b07638"
"https://i.redd.it/4m5yk8gjrtzy.jpg","#f11","#1022","#e00"
"https://i.redd.it/xae65ypfqycy.jpg","#c83a2e","#c24541","#703030"
"https://i.redd.it/1nlgrn49x7ry.jpg","#c7ad88","#caae89","#c8ae89"
"https://i.redd.it/w5q6gldnvcuy.jpg","#a0857a","#a3887d","#a1867b"
"https://i.redd.it/s5viyluv421z.jpg","#7a522f","#79512e","#7b5330"
"https://i.redd.it/h5t3qddvvzry.jpg","#706353","#716454","#6f6252"
"https://i.redd.it/7ofdqmp53bzy.jpg","#978a6a","#968969","#958868"
"https://i.redd.it/n9jq5j2tatcy.jpg","#f3ffff","#f3feff","#f4ffff"
"https://i.redd.it/0qow2dksb34z.jpg","#9fcaec","#9ecbec","#8ac5f1"
"https://i.imgur.com/HRgRMOw.jpg","#408a59","#40895b","#3a47a5"
"https://i.redd.it/rubsfuf64lvy.jpg","#dbe6ec","#dce7ed","#dde8ee"
"https://i.redd.it/ru12lvaf7jyy.jpg","#261616","#271718","#271717"
"https://i.redd.it/c5pk0vnpg3ty.jpg","#6e81cd","#6e81ce","#6e82cb"
"https://i.redd.it/ax4eueu0szpy.jpg","#bda19d","#b49894","#b69a96"
"https://i.redd.it/guul6eld2soy.jpg","#6b7b94","#6d7d96","#6a7e96"
"https://i.redd.it/m4cfqp8wfv5z.jpg","#a4978e","#a5988f","#a69990"
"https://i.redd.it/tb5pckm6e72y.jpg","#938264","#928163","#aea18e"
"https://i.redd.it/fsuv32a1cc9y.jpg","#997b70","#9d7c6d","#96786d"
"https://i.redd.it/ihczg3pmle3z.jpg","#849078","#8c9880","#828e76"
"https://i.redd.it/cpkq97klre4z.jpg","#b3a290","#b09f8d","#b1a08e"
"https://i.redd.it/sn7ufk9fsv4z.jpg","#b61412","#af1716","#b71113"
"https://i.redd.it/n9jq5j2tatcy.jpg","#f3ffff","#f3feff","#f4ffff"
"https://i.redd.it/0qow2dksb34z.jpg","#9fcaec","#9ecbec","#8ac5f1"
"https://i.imgur.com/HRgRMOw.jpg","#408a59","#40895b","#3a47a5"
"https://i.redd.it/rubsfuf64lvy.jpg","#dbe6ec","#dce7ed","#dde8ee"
"https://i.redd.it/ru12lvaf7jyy.jpg","#261616","#271718","#271717"
"https://i.redd.it/c5pk0vnpg3ty.jpg","#6e81cd","#6e81ce","#6e82cb"
"https://i.redd.it/fyqzavufvjwy.jpg","#dcb083","#daae81","#dbaf82"
"https://i.redd.it/lsuw4p2ncyny.jpg","#af7536","#ae7435","#b07638"
"https://i.redd.it/4m5yk8gjrtzy.jpg","#f11","#1022","#e00"
"https://i.redd.it/xae65ypfqycy.jpg","#c83a2e","#c24541","#703030"
"https://i.redd.it/1nlgrn49x7ry.jpg","#c7ad88","#caae89","#c8ae89"
"https://i.redd.it/w5q6gldnvcuy.jpg","#a0857a","#a3887d","#a1867b"
"https://i.redd.it/s5viyluv421z.jpg","#7a522f","#79512e","#7b5330"
"https://i.redd.it/h5t3qddvvzry.jpg","#706353","#716454","#6f6252"
"https://i.redd.it/7ofdqmp53bzy.jpg","#978a6a","#968969","#958868"
"https://i.redd.it/cwljeujku33z.jpg","#d0a66a","#d1a76b","#d2a86c"
"https://i.redd.it/ax4eueu0szpy.jpg","#bda19d","#b49894","#b69a96"
"https://i.redd.it/guul6eld2soy.jpg","#6b7b94","#6d7d96","#6a7e96"
"https://i.redd.it/m4cfqp8wfv5z.jpg","#a4978e","#a5988f","#a69990"
"https://i.redd.it/tb5pckm6e72y.jpg","#938264","#928163","#aea18e"
"https://i.redd.it/fyqzavufvjwy.jpg","#dcb083","#daae81","#dbaf82"
"https://i.imgur.com/HRgRMOw.jpg","#408a59","#40895b","#3a47a5"
"https://i.redd.it/rubsfuf64lvy.jpg","#dbe6ec","#dce7ed","#dde8ee"
"https://i.redd.it/ru12lvaf7jyy.jpg","#261616","#271718","#271717"
"https://i.redd.it/c5pk0vnpg3ty.jpg","#6e81cd","#6e81ce","#6e82cb"
"https://i.redd.it/ax4eueu0szpy.jpg","#bda19d","#b49894","#b69a96"
"https://i.redd.it/ihczg3pmle3z.jpg","#849078","#8c9880","#828e76"
"https://i.redd.it/cpkq97klre4z.jpg","#b3a290","#b09f8d","#b1a08e"
"https://i.redd.it/sn7ufk9fsv4z.jpg","#b61412","#af1716","#b71113"
"https://i.redd.it/n9jq5j2tatcy.jpg","#f3ffff","#f3feff","#f4ffff"
"https://i.redd.it/0qow2dksb34z.jpg","#9fcaec","#9ecbec","#8ac5f1"
"https://i.redd.it/lsuw4p2ncyny.jpg","#af7536","#ae7435","#b07638"
"https://i.redd.it/4m5yk8gjrtzy.jpg","#f11","#1022","#e00"
"https://i.redd.it/xae65ypfqycy.jpg","#c83a2e","#c24541","#703030"
"https://i.redd.it/1nlgrn49x7ry.jpg","#c7ad88","#caae89","#c8ae89"
"https://i.redd.it/w5q6gldnvcuy.jpg","#a0857a","#a3887d","#a1867b"
"https://i.redd.it/4m5yk8gjrtzy.jpg","#f11","#1022","#e00"
"https://i.redd.it/xae65ypfqycy.jpg","#c83a2e","#c24541","#703030"
"https://i.redd.it/1nlgrn49x7ry.jpg","#c7ad88","#caae89","#c8ae89"
"https://i.redd.it/w5q6gldnvcuy.jpg","#a0857a","#a3887d","#a1867b"
"https://i.redd.it/s5viyluv421z.jpg","#7a522f","#79512e","#7b5330"
"https://i.redd.it/s5viyluv421z.jpg","#7a522f","#79512e","#7b5330"
"https://i.redd.it/h5t3qddvvzry.jpg","#706353","#716454","#6f6252"
"https://i.redd.it/7ofdqmp53bzy.jpg","#978a6a","#968969","#958868"
"https://i.redd.it/cwljeujku33z.jpg","#d0a66a","#d1a76b","#d2a86c"
"https://i.redd.it/fsuv32a1cc9y.jpg","#997b70","#9d7c6d","#96786d"
"https://i.redd.it/rubsfuf64lvy.jpg","#dbe6ec","#dce7ed","#dde8ee"
"https://i.redd.it/ru12lvaf7jyy.jpg","#261616","#271718","#271717"
"https://i.redd.it/c5pk0vnpg3ty.jpg","#6e81cd","#6e81ce","#6e82cb"
"https://i.redd.it/ax4eueu0szpy.jpg","#bda19d","#b49894","#b69a96"
"https://i.redd.it/guul6eld2soy.jpg","#6b7b94","#6d7d96","#6a7e96"
"https://i.redd.it/cpkq97klre4z.jpg","#b3a290","#b09f8d","#b1a08e"
"https://i.redd.it/sn7ufk9fsv4z.jpg","#b61412","#af1716","#b71113"
"https://i.redd.it/n9jq5j2tatcy.jpg","#f3ffff","#f3feff","#f4ffff"
"https://i.redd.it/0qow2dksb34z.jpg","#9fcaec","#9ecbec","#8ac5f1"
"https://i.imgur.com/HRgRMOw.jpg","#408a59","#40895b","#3a47a5"
"https://i.redd.it/xae65ypfqycy.jpg","#c83a2e","#c24541","#703030"
"https://i.redd.it/1nlgrn49x7ry.jpg","#c7ad88","#caae89","#c8ae89"
"https://i.redd.it/w5q6gldnvcuy.jpg","#a0857a","#a3887d","#a1867b"
"https://i.redd.it/s5viyluv421z.jpg","#7a522f","#79512e","#7b5330"
"https://i.redd.it/h5t3qddvvzry.jpg","#706353","#716454","#6f6252"
"https://i.redd.it/guul6eld2soy.jpg","#6b7b94","#6d7d96","#6a7e96"
"https://i.redd.it/m4cfqp8wfv5z.jpg","#a4978e","#a5988f","#a69990"
"https://i.redd.it/tb5pckm6e72y.jpg","#938264","#928163","#aea18e"
"https://i.redd.it/fyqzavufvjwy.jpg","#dcb083","#daae81","#dbaf82"
"https://i.redd.it/lsuw4p2ncyny.jpg","#af7536","#ae7435","#b07638"
"https://i.redd.it/h5t3qddvvzry.jpg","#706353","#716454","#6f6252"
"https://i.redd.it/7ofdqmp53bzy.jpg","#978a6a","#968969","#958868"
"https://i.redd.it/cwljeujku33z.jpg","#d0a66a","#d1a76b","#d2a86c"
"https://i.redd.it/fsuv32a1cc9y.jpg","#997b70","#9d7c6d","#96786d"
"https://i.redd.it/ihczg3pmle3z.jpg","#849078","#8c9880","#828e76"
"https://i.redd.it/sn7ufk9fsv4z.jpg","#b61412","#af1716","#b71113"
"https://i.redd.it/n9jq5j2tatcy.jpg","#f3ffff","#f3feff","#f4ffff"
"https://i.redd.it/0qow2dksb34z.jpg","#9fcaec","#9ecbec","#8ac5f1"
"https://i.imgur.com/HRgRMOw.jpg","#408a59","#40895b","#3a47a5"
"https://i.redd.it/rubsfuf64lvy.jpg","#dbe6ec","#dce7ed","#dde8ee"
"https://i.redd.it/ru12lvaf7jyy.jpg","#261616","#271718","#271717"
"https://i.redd.it/c5pk0vnpg3ty.jpg","#6e81cd","#6e81ce","#6e82cb"
"https://i.redd.it/ax4eueu0szpy.jpg","#bda19d","#b49894","#b69a96"
"https://i.redd.it/guul6eld2soy.jpg","#6b7b94","#6d7d96","#6a7e96"
"https://i.redd.it/m4cfqp8wfv5z.jpg","#a4978e","#a5988f","#a69990"
"https://i.redd.it/m4cfqp8wfv5z.jpg","#a4978e","#a5988f","#a69990"
"https://i.redd.it/tb5pckm6e72y.jpg","#938264","#928163","#aea18e"
"https://i.redd.it/fyqzavufvjwy.jpg","#dcb083","#daae81","#dbaf82"
"https://i.redd.it/lsuw4p2ncyny.jpg","#af7536","#ae7435","#b07638"
"https://i.redd.it/4m5yk8gjrtzy.jpg","#f11","#1022","#e00"
"https://i.redd.it/7ofdqmp53bzy.jpg","#978a6a","#968969","#958868"
"https://i.redd.it/cwljeujku33z.jpg","#d0a66a","#d1a76b","#d2a86c"
"https://i.redd.it/fsuv32a1cc9y.jpg","#997b70","#9d7c6d","#96786d"
"https://i.redd.it/ihczg3pmle3z.jpg","#849078","#8c9880","#828e76"
"https://i.redd.it/cpkq97klre4z.jpg","#b3a290","#b09f8d","#b1a08e"
"https://i.redd.it/cwljeujku33z.jpg","#d0a66a","#d1a76b","#d2a86c"
"https://i.redd.it/fsuv32a1cc9y.jpg","#997b70","#9d7c6d","#96786d"
"https://i.redd.it/ihczg3pmle3z.jpg","#849078","#8c9880","#828e76"
"https://i.redd.it/cpkq97klre4z.jpg","#b3a290","#b09f8d","#b1a08e"
"https://i.redd.it/sn7ufk9fsv4z.jpg","#b61412","#af1716","#b71113"
"https://i.redd.it/n9jq5j2tatcy.jpg","#f3ffff","#f3feff","#f4ffff"
"https://i.redd.it/0qow2dksb34z.jpg","#9fcaec","#9ecbec","#8ac5f1"
"https://i.imgur.com/HRgRMOw.jpg","#408a59","#40895b","#3a47a5"
"https://i.redd.it/rubsfuf64lvy.jpg","#dbe6ec","#dce7ed","#dde8ee"
"https://i.redd.it/ru12lvaf7jyy.jpg","#261616","#271718","#271717"
"https://i.redd.it/tb5pckm6e72y.jpg","#938264","#928163","#aea18e"
"https://i.redd.it/fyqzavufvjwy.jpg","#dcb083","#daae81","#dbaf82"
"https://i.redd.it/lsuw4p2ncyny.jpg","#af7536","#ae7435","#b07638"
"https://i.redd.it/4m5yk8gjrtzy.jpg","#f11","#1022","#e00"
"https://i.redd.it/xae65ypfqycy.jpg","#c83a2e","#c24541","#703030"
"https://i.redd.it/c5pk0vnpg3ty.jpg","#6e81cd","#6e81ce","#6e82cb"
"https://i.redd.it/ax4eueu0szpy.jpg","#bda19d","#b49894","#b69a96"
"https://i.redd.it/guul6eld2soy.jpg","#6b7b94","#6d7d96","#6a7e96"
"https://i.redd.it/m4cfqp8wfv5z.jpg","#a4978e","#a5988f","#a69990"
"https://i.redd.it/tb5pckm6e72y.jpg","#938264","#928163","#aea18e"
"https://i.redd.it/1nlgrn49x7ry.jpg","#c7ad88","#caae89","#c8ae89"
"https://i.redd.it/w5q6gldnvcuy.jpg","#a0857a","#a3887d","#a1867b"
"https://i.redd.it/s5viyluv421z.jpg","#7a522f","#79512e","#7b5330"
"https://i.redd.it/h5t3qddvvzry.jpg","#706353","#716454","#6f6252"
"https://i.redd.it/7ofdqmp53bzy.jpg","#978a6a","#968969","#958868"
"https://i.redd.it/fsuv32a1cc9y.jpg","#997b70","#9d7c6d","#96786d"
"https://i.redd.it/ihczg3pmle3z.jpg","#849078","#8c9880","#828e76"
"https://i.redd.it/cpkq97klre4z.jpg","#b3a290","#b09f8d","#b1a08e"
"https://i.redd.it/sn7ufk9fsv4z.jpg","#b61412","#af1716","#b71113"
"https://i.redd.it/n9jq5j2tatcy.jpg","#f3ffff","#f3feff","#f4ffff"
"https://i.redd.it/0qow2dksb34z.jpg","#9fcaec","#9ecbec","#8ac5f1"
"https://i.imgur.com/HRgRMOw.jpg","#408a59","#40895b","#3a47a5"
"https://i.redd.it/rubsfuf64lvy.jpg","#dbe6ec","#dce7ed","#dde8ee"
"https://i.redd.it/ru12lvaf7jyy.jpg","#261616","#271718","#271717"
"https://i.redd.it/c5pk0vnpg3ty.jpg","#6e81cd","#6e81ce","#6e82cb"
"https://i.redd.it/w5q6gldnvcuy.jpg","#a0857a","#a3887d","#a1867b"
"https://i.redd.it/s5viyluv421z.jpg","#7a522f","#79512e","#7b5330"
"https://i.redd.it/h5t3qddvvzry.jpg","#706353","#716454","#6f6252"
"https://i.redd.it/7ofdqmp53bzy.jpg","#978a6a","#968969","#958868"
"https://i.redd.it/cwljeujku33z.jpg","#d0a66a","#d1a76b","#d2a86c"
"https://i.redd.it/ax4eueu0szpy.jpg","#bda19d","#b49894","#b69a96"
"https://i.redd.it/guul6eld2soy.jpg","#6b7b94","#6d7d96","#6a7e96"
"https://i.redd.it/m4cfqp8wfv5z.jpg","#a4978e","#a5988f","#a69990"
"https://i.redd.it/tb5pckm6e72y.jpg","#938264","#928163","#aea18e"
"https://i.redd.it/fyqzavufvjwy.jpg","#dcb083","#daae81","#dbaf82"
"https://i.redd.it/fyqzavufvjwy.jpg","#dcb083","#daae81","#dbaf82"
"https://i.redd.it/lsuw4p2ncyny.jpg","#af7536","#ae7435","#b07638"
"https://i.redd.it/4m5yk8gjrtzy.jpg","#f11","#1022","#e00"
"https://i.redd.it/xae65ypfqycy.jpg","#c83a2e","#c24541","#703030"
"https://i.redd.it/1nlgrn49x7ry.jpg","#c7ad88","#caae89","#c8ae89"
"https://i.redd.it/lsuw4p2ncyny.jpg","#af7536","#ae7435","#b07638"
"https://i.redd.it/4m5yk8gjrtzy.jpg","#f11","#1022","#e00"
"https://i.redd.it/xae65ypfqycy.jpg","#c83a2e","#c24541","#703030"
"https://i.redd.it/1nlgrn49x7ry.jpg","#c7ad88","#caae89","#c8ae89"
"https://i.redd.it/w5q6gldnvcuy.jpg","#a0857a","#a3887d","#a1867b"
"https://i.imgur.com/HRgRMOw.jpg","#408a59","#40895b","#3a47a5"
"https://i.redd.it/rubsfuf64lvy.jpg","#dbe6ec","#dce7ed","#dde8ee"
"https://i.redd.it/ru12lvaf7jyy.jpg","#261616","#271718","#271717"
"https://i.redd.it/c5pk0vnpg3ty.jpg","#6e81cd","#6e81ce","#6e82cb"
"https://i.redd.it/ax4eueu0szpy.jpg","#bda19d","#b49894","#b69a96"
"https://i.redd.it/ihczg3pmle3z.jpg","#849078","#8c9880","#828e76"
"https://i.redd.it/cpkq97klre4z.jpg","#b3a290","#b09f8d","#b1a08e"
"https://i.redd.it/sn7ufk9fsv4z.jpg","#b61412","#af1716","#b71113"
"https://i.redd.it/n9jq5j2tatcy.jpg","#f3ffff","#f3feff","#f4ffff"
"https://i.redd.it/0qow2dksb34z.jpg","#9fcaec","#9ecbec","#8ac5f1"
"https://i.redd.it/4m5yk8gjrtzy.jpg","#f11","#1022","#e00"
"https://i.redd.it/xae65ypfqycy.jpg","#c83a2e","#c24541","#703030"
"https://i.redd.it/1nlgrn49x7ry.jpg","#c7ad88","#caae89","#c8ae89"
"https://i.redd.it/w5q6gldnvcuy.jpg","#a0857a","#a3887d","#a1867b"
"https://i.redd.it/s5viyluv421z.jpg","#7a522f","#79512e","#7b5330"
"https://i.redd.it/s5viyluv421z.jpg","#7a522f","#79512e","#7b5330"
"https://i.redd.it/h5t3qddvvzry.jpg","#706353","#716454","#6f6252"
"https://i.redd.it/7ofdqmp53bzy.jpg","#978a6a","#968969","#958868"
"https://i.redd.it/cwljeujku33z.jpg","#d0a66a","#d1a76b","#d2a86c"
"https://i.redd.it/fsuv32a1cc9y.jpg","#997b70","#9d7c6d","#96786d"
"https://i.redd.it/rubsfuf64lvy.jpg","#dbe6ec","#dce7ed","#dde8ee"
"https://i.redd.it/ru12lvaf7jyy.jpg","#261616","#271718","#271717"
"https://i.redd.it/c5pk0vnpg3ty.jpg","#6e81cd","#6e81ce","#6e82cb"
"https://i.redd.it/ax4eueu0szpy.jpg","#bda19d","#b49894","#b69a96"
"https://i.redd.it/guul6eld2soy.jpg","#6b7b94","#6d7d96","#6a7e96"
"https://i.redd.it/cpkq97klre4z.jpg","#b3a290","#b09f8d","#b1a08e"
"https://i.redd.it/sn7ufk9fsv4z.jpg","#b61412","#af1716","#b71113"
"https://i.redd.it/n9jq5j2tatcy.jpg","#f3ffff","#f3feff","#f4ffff"
"https://i.redd.it/0qow2dksb34z.jpg","#9fcaec","#9ecbec","#8ac5f1"
"https://i.imgur.com/HRgRMOw.jpg","#408a59","#40895b","#3a47a5"
"https://i.redd.it/h5t3qddvvzry.jpg","#706353","#716454","#6f6252"
"https://i.redd.it/7ofdqmp53bzy.jpg","#978a6a","#968969","#958868"
"https://i.redd.it/cwljeujku33z.jpg","#d0a66a","#d1a76b","#d2a86c"
"https://i.redd.it/fsuv32a1cc9y.jpg","#997b70","#9d7c6d","#96786d"
"https://i.redd.it/ihczg3pmle3z.jpg","#849078","#8c9880","#828e76"
"https://i.redd.it/xae65ypfqycy.jpg","#c83a2e","#c24541","#703030"
"https://i.redd.it/1nlgrn49x7ry.jpg","#c7ad88","#caae89","#c8ae89"
"https://i.redd.it/w5q6gldnvcuy.jpg","#a0857a","#a3887d","#a1867b"
"https://i.redd.it/s5viyluv421z.jpg","#7a522f","#79512e","#7b5330"
"https://i.redd.it/h5t3qddvvzry.jpg","#706353","#716454","#6f6252"
"https://i.redd.it/guul6eld2soy.jpg","#6b7b94","#6d7d96","#6a7e96"
"https://i.redd.it/m4cfqp8wfv5z.jpg","#a4978e","#a5988f","#a69990"
"https://i.redd.it/tb5pckm6e72y.jpg","#938264","#928163","#aea18e"
"https://i.redd.it/fyqzavufvjwy.jpg","#dcb083","#daae81","#dbaf82"
"https://i.redd.it/lsuw4p2ncyny.jpg","#af7536","#ae7435","#b07638"
"https://i.redd.it/sn7ufk9fsv4z.jpg","#b61412","#af1716","#b71113"
"https://i.redd.it/n9jq5j2tatcy.jpg","#f3ffff","#f3feff","#f4ffff"
"https://i.redd.it/0qow2dksb34z.jpg","#9fcaec","#9ecbec","#8ac5f1"
"https://i.imgur.com/HRgRMOw.jpg","#408a59","#40895b","#3a47a5"
"https://i.redd.it/rubsfuf64lvy.jpg","#dbe6ec","#dce7ed","#dde8ee"
"https://i.redd.it/7ofdqmp53bzy.jpg","#978a6a","#968969","#958868"
"https://i.redd.it/cwljeujku33z.jpg","#d0a66a","#d1a76b","#d2a86c"
"https://i.redd.it/fsuv32a1cc9y.jpg","#997b70","#9d7c6d","#96786d"
"https://i.redd.it/ihczg3pmle3z.jpg","#849078","#8c9880","#828e76"
"https://i.redd.it/cpkq97klre4z.jpg","#b3a290","#b09f8d","#b1a08e"
"https://i.redd.it/ru12lvaf7jyy.jpg","#261616","#271718","#271717"
"https://i.redd.it/c5pk0vnpg3ty.jpg","#6e81cd","#6e81ce","#6e82cb"
"https://i.redd.it/ax4eueu0szpy.jpg","#bda19d","#b49894","#b69a96"
"https://i.redd.it/guul6eld2soy.jpg","#6b7b94","#6d7d96","#6a7e96"
"https://i.redd.it/m4cfqp8wfv5z.jpg","#a4978e","#a5988f","#a69990"
"https://i.redd.it/m4cfqp8wfv5z.jpg","#a4978e","#a5988f","#a69990"
"https://i.redd.it/tb5pckm6e72y.jpg","#938264","#928163","#aea18e"
"https://i.redd.it/fyqzavufvjwy.jpg","#dcb083","#daae81","#dbaf82"
"https://i.redd.it/lsuw4p2ncyny.jpg","#af7536","#ae7435","#b07638"
"https://i.redd.it/4m5yk8gjrtzy.jpg","#f11","#1022","#e00"
"https://i.redd.it/cwljeujku33z.jpg","#d0a66a","#d1a76b","#d2a86c"
"https://i.redd.it/fsuv32a1cc9y.jpg","#997b70","#9d7c6d","#96786d"
"https://i.redd.it/ihczg3pmle3z.jpg","#849078","#8c9880","#828e76"
"https://i.redd.it/cpkq97klre4z.jpg","#b3a290","#b09f8d","#b1a08e"
"https://i.redd.it/sn7ufk9fsv4z.jpg","#b61412","#af1716","#b71113"
"https://i.redd.it/n9jq5j2tatcy.jpg","#f3ffff","#f3feff","#f4ffff"
"https://i.redd.it/0qow2dksb34z.jpg","#9fcaec","#9ecbec","#8ac5f1"
"https://i.imgur.com/HRgRMOw.jpg","#408a59","#40895b","#3a47a5"
"https://i.redd.it/rubsfuf64lvy.jpg","#dbe6ec","#dce7ed","#dde8ee"
"https://i.redd.it/ru12lvaf7jyy.jpg","#261616","#271718","#271717"
"https://i.redd.it/tb5pckm6e72y.jpg","#938264","#928163","#aea18e"
"https://i.redd.it/fyqzavufvjwy.jpg","#dcb083","#daae81","#dbaf82"
"https://i.redd.it/lsuw4p2ncyny.jpg","#af7536","#ae7435","#b07638"
"https://i.redd.it/4m5yk8gjrtzy.jpg","#f11","#1022","#e00"
"https://i.redd.it/xae65ypfqycy.jpg","#c83a2e","#c24541","#703030"
"https://i.redd.it/1nlgrn49x7ry.jpg","#c7ad88","#caae89","#c8ae89"
"https://i.redd.it/w5q6gldnvcuy.jpg","#a0857a","#a3887d","#a1867b"
"https://i.redd.it/s5viyluv421z.jpg","#7a522f","#79512e","#7b5330"
"https://i.redd.it/h5t3qddvvzry.jpg","#706353","#716454","#6f6252"
"https://i.redd.it/7ofdqmp53bzy.jpg","#978a6a","#968969","#958868"
"https://i.redd.it/c5pk0vnpg3ty.jpg","#6e81cd","#6e81ce","#6e82cb"
"https://i.redd.it/ax4eueu0szpy.jpg","#bda19d","#b49894","#b69a96"
"https://i.redd.it/guul6eld2soy.jpg","#6b7b94","#6d7d96","#6a7e96"
"https://i.redd.it/m4cfqp8wfv5z.jpg","#a4978e","#a5988f","#a69990"
"https://i.redd.it/tb5pckm6e72y.jpg","#938264","#928163","#aea18e"
"https://i.redd.it/fsuv32a1cc9y.jpg","#997b70","#9d7c6d","#96786d"
"https://i.redd.it/ihczg3pmle3z.jpg","#849078","#8c9880","#828e76"
"https://i.redd.it/cpkq97klre4z.jpg","#b3a290","#b09f8d","#b1a08e"
"https://i.redd.it/sn7ufk9fsv4z.jpg","#b61412","#af1716","#b71113"
"https://i.redd.it/n9jq5j2tatcy.jpg","#f3ffff","#f3feff","#f4ffff"
"https://i.redd.it/0qow2dksb34z.jpg","#9fcaec","#9ecbec","#8ac5f1"
"https://i.imgur.com/HRgRMOw.jpg","#408a59","#40895b","#3a47a5"
"https://i.redd.it/rubsfuf64lvy.jpg","#dbe6ec","#dce7ed","#dde8ee"
"https://i.redd.it/ru12lvaf7jyy.jpg","#261616","#271718","#271717"
"https://i.redd.it/c5pk0vnpg3ty.jpg","#6e81cd","#6e81ce","#6e82cb"
"https://i.redd.it/fyqzavufvjwy.jpg","#dcb083","#daae81","#dbaf82"
"https://i.redd.it/lsuw4p2ncyny.jpg","#af7536","#ae7435","#b07638"
"https://i.redd.it/4m5yk8gjrtzy.jpg","#f11","#1022","#e00"
"https://i.redd.it/xae65ypfqycy.jpg","#c83a2e","#c24541","#703030"
"https://i.redd.it/1nlgrn49x7ry.jpg","#c7ad88","#caae89","#c8ae89"
"https://i.redd.it/ax4eueu0szpy.jpg","#bda19d","#b49894","#b69a96"
"https://i.redd.it/guul6eld2soy.jpg","#6b7b94","#6d7d96","#6a7e96"
"https://i.redd.it/m4cfqp8wfv5z.jpg","#a4978e","#a5988f","#a69990"
"https://i.redd.it/tb5pckm6e72y.jpg","#938264","#928163","#aea18e"
"https://i.redd.it/fyqzavufvjwy.jpg","#dcb083","#daae81","#dbaf82"
"https://i.redd.it/w5q6gldnvcuy.jpg","#a0857a","#a3887d","#a1867b"
"https://i.redd.it/s5viyluv421z.jpg","#7a522f","#79512e","#7b5330"
"https://i.redd.it/h5t3qddvvzry.jpg","#706353","#716454","#6f6252"
"https://i.redd.it/7ofdqmp53bzy.jpg","#978a6a","#968969","#958868"
"https://i.redd.it/cwljeujku33z.jpg","#d0a66a","#d1a76b","#d2a86c"
"https://i.imgur.com/HRgRMOw.jpg","#408a59","#40895b","#3a47a5"
"https://i.redd.it/rubsfuf64lvy.jpg","#dbe6ec","#dce7ed","#dde8ee"
"https://i.redd.it/ru12lvaf7jyy.jpg","#261616","#271718","#271717"
"https://i.redd.it/c5pk0vnpg3ty.jpg","#6e81cd","#6e81ce","#6e82cb"
"https://i.redd.it/ax4eueu0szpy.jpg","#bda19d","#b49894","#b69a96"
"https://i.redd.it/ihczg3pmle3z.jpg","#849078","#8c9880","#828e76"
"https://i.redd.it/cpkq97klre4z.jpg","#b3a290","#b09f8d","#b1a08e"
"https://i.redd.it/sn7ufk9fsv4z.jpg","#b61412","#af1716","#b71113"
"https://i.redd.it/n9jq5j2tatcy.jpg","#f3ffff","#f3feff","#f4ffff"
"https://i.redd.it/0qow2dksb34z.jpg","#9fcaec","#9ecbec","#8ac5f1"
"https://i.redd.it/lsuw4p2ncyny.jpg","#af7536","#ae7435","#b07638"
"https://i.redd.it/4m5yk8gjrtzy.jpg","#f11","#1022","#e00"
"https://i.redd.it/xae65ypfqycy.jpg","#c83a2e","#c24541","#703030"
"https://i.redd.it/1nlgrn49x7ry.jpg","#c7ad88","#caae89","#c8ae89"
"https://i.redd.it/w5q6gldnvcuy.jpg","#a0857a","#a3887d","#a1867b"
"https://i.redd.it/s5viyluv421z.jpg","#7a522f","#79512e","#7b5330"
"https://i.redd.it/h5t3qddvvzry.jpg","#706353","#716454","#6f6252"
"https://i.redd.it/7ofdqmp53bzy.jpg","#978a6a","#968969","#958868"
"https://i.redd.it/cwljeujku33z.jpg","#d0a66a","#d1a76b","#d2a86c"
"https://i.redd.it/fsuv32a1cc9y.jpg","#997b70","#9d7c6d","#96786d"
"https://i.redd.it/4m5yk8gjrtzy.jpg","#f11","#1022","#e00"
"https://i.redd.it/xae65ypfqycy.jpg","#c83a2e","#c24541","#703030"
"https://i.redd.it/1nlgrn49x7ry.jpg","#c7ad88","#caae89","#c8ae89"
"https://i.redd.it/w5q6gldnvcuy.jpg","#a0857a","#a3887d","#a1867b"
"https://i.redd.it/s5viyluv421z.jpg","#7a522f","#79512e","#7b5330"
"https://i.redd.it/rubsfuf64lvy.jpg","#dbe6ec","#dce7ed","#dde8ee"
"https://i.redd.it/ru12lvaf7jyy.jpg","#261616","#271718","#271717"
"https://i.redd.it/c5pk0vnpg3ty.jpg","#6e81cd","#6e81ce","#6e82cb"
"https://i.redd.it/ax4eueu0szpy.jpg","#bda19d","#b49894","#b69a96"
"https://i.redd.it/guul6eld2soy.jpg","#6b7b94","#6d7d96","#6a7e96"
"https://i.redd.it/cpkq97klre4z.jpg","#b3a290","#b09f8d","#b1a08e"
"https://i.redd.it/sn7ufk9fsv4z.jpg","#b61412","#af1716","#b71113"
"https://i.redd.it/n9jq5j2tatcy.jpg","#f3ffff","#f3feff","#f4ffff"
"https://i.redd.it/0qow2dksb34z.jpg","#9fcaec","#9ecbec","#8ac5f1"
"https://i.imgur.com/HRgRMOw.jpg","#408a59","#40895b","#3a47a5"
"https://i.redd.it/h5t3qddvvzry.jpg","#706353","#716454","#6f6252"
"https://i.redd.it/7ofdqmp53bzy.jpg","#978a6a","#968969","#958868"
"https://i.redd.it/cwljeujku33z.jpg","#d0a66a","#d1a76b","#d2a86c"
"https://i.redd.it/fsuv32a1cc9y.jpg","#997b70","#9d7c6d","#96786d"
"https://i.redd.it/ihczg3pmle3z.jpg","#849078","#8c9880","#828e76"
"https://i.redd.it/xae65ypfqycy.jpg","#c83a2e","#c24541","#703030"
"https://i.redd.it/1nlgrn49x7ry.jpg","#c7ad88","#caae89","#c8ae89"
"https://i.redd.it/w5q6gldnvcuy.jpg","#a0857a","#a3887d","#a1867b"
"https://i.redd.it/s5viyluv421z.jpg","#7a522f","#79512e","#7b5330"
"https://i.redd.it/h5t3qddvvzry.jpg","#706353","#716454","#6f6252"
"https://i.redd.it/guul6eld2soy.jpg","#6b7b94","#6d7d96","#6a7e96"
"https://i.redd.it/m4cfqp8wfv5z.jpg","#a4978e","#a5988f","#a69990"
"https://i.redd.it/tb5pckm6e72y.jpg","#938264","#928163","#aea18e"
"https://i.redd.it/fyqzavufvjwy.jpg","#dcb083","#daae81","#dbaf82"
"https://i.redd.it/lsuw4p2ncyny.jpg","#af7536","#ae7435","#b07638"
"https://i.redd.it/sn7ufk9fsv4z.jpg","#b61412","#af1716","#b71113"
"https://i.redd.it/n9jq5j2tatcy.jpg","#f3ffff","#f3feff","#f4ffff"
"https://i.redd.it/0qow2dksb34z.jpg","#9fcaec","#9ecbec","#8ac5f1"
"https://i.imgur.com/HRgRMOw.jpg","#408a59","#40895b","#3a47a5"
"https://i.redd.it/rubsfuf64lvy.jpg","#dbe6ec","#dce7ed","#dde8ee"
"https://i.redd.it/ru12lvaf7jyy.jpg","#261616","#271718","#271717"
"https://i.redd.it/c5pk0vnpg3ty.jpg","#6e81cd","#6e81ce","#6e82cb"
"https://i.redd.it/ax4eueu0szpy.jpg","#bda19d","#b49894","#b69a96"
"https://i.redd.it/guul6eld2soy.jpg","#6b7b94","#6d7d96","#6a7e96"
"https://i.redd.it/m4cfqp8wfv5z.jpg","#a4978e","#a5988f","#a69990"
"https://i.redd.it/m4cfqp8wfv5z.jpg","#a4978e","#a5988f","#a69990"
"https://i.redd.it/tb5pckm6e72y.jpg","#938264","#928163","#aea18e"
"https://i.redd.it/fyqzavufvjwy.jpg","#dcb083","#daae81","#dbaf82"
"https://i.redd.it/lsuw4p2ncyny.jpg","#af7536","#ae7435","#b07638"
"https://i.redd.it/4m5yk8gjrtzy.jpg","#f11","#1022","#e00"
"https://i.redd.it/7ofdqmp53bzy.jpg","#978a6a","#968969","#958868"
"https://i.redd.it/cwljeujku33z.jpg","#d0a66a","#d1a76b","#d2a86c"
"https://i.redd.it/fsuv32a1cc9y.jpg","#997b70","#9d7c6d","#96786d"
"https://i.redd.it/ihczg3pmle3z.jpg","#849078","#8c9880","#828e76"
"https://i.redd.it/cpkq97klre4z.jpg","#b3a290","#b09f8d","#b1a08e"
"https://i.redd.it/cwljeujku33z.jpg","#d0a66a","#d1a76b","#d2a86c"
"https://i.redd.it/fsuv32a1cc9y.jpg","#997b70","#9d7c6d","#96786d"
"https://i.redd.it/ihczg3pmle3z.jpg","#849078","#8c9880","#828e76"
"https://i.redd.it/cpkq97klre4z.jpg","#b3a290","#b09f8d","#b1a08e"
"https://i.redd.it/sn7ufk9fsv4z.jpg","#b61412","#af1716","#b71113"
"https://i.redd.it/n9jq5j2tatcy.jpg","#f3ffff","#f3feff","#f4ffff"
"https://i.redd.it/0qow2dksb34z.jpg","#9fcaec","#9ecbec","#8ac5f1"
"https://i.imgur.com/HRgRMOw.jpg","#408a59","#40895b","#3a47a5"
"https://i.redd.it/rubsfuf64lvy.jpg","#dbe6ec","#dce7ed","#dde8ee"
"https://i.redd.it/ru12lvaf7jyy.jpg","#261616","#271718","#271717"
"https://i.redd.it/tb5pckm6e72y.jpg","#938264","#928163","#aea18e"
"https://i.redd.it/fyqzavufvjwy.jpg","#dcb083","#daae81","#dbaf82"
"https://i.redd.it/lsuw4p2ncyny.jpg","#af7536","#ae7435","#b07638"
"https://i.redd.it/4m5yk8gjrtzy.jpg","#f11","#1022","#e00"
"https://i.redd.it/xae65ypfqycy.jpg","#c83a2e","#c24541","#703030"
"https://i.redd.it/c5pk0vnpg3ty.jpg","#6e81cd","#6e81ce","#6e82cb"
"https://i.redd.it/ax4eueu0szpy.jpg","#bda19d","#b49894","#b69a96"
"https://i.redd.it/guul6eld2soy.jpg","#6b7b94","#6d7d96","#6a7e96"
"https://i.redd.it/m4cfqp8wfv5z.jpg","#a4978e","#a5988f","#a69990"
"https://i.redd.it/tb5pckm6e72y.jpg","#938264","#928163","#aea18e"
"https://i.redd.it/1nlgrn49x7ry.jpg","#c7ad88","#caae89","#c8ae89"
"https://i.redd.it/w5q6gldnvcuy.jpg","#a0857a","#a3887d","#a1867b"
"https://i.redd.it/s5viyluv421z.jpg","#7a522f","#79512e","#7b5330"
"https://i.redd.it/h5t3qddvvzry.jpg","#706353","#716454","#6f6252"
"https://i.redd.it/7ofdqmp53bzy.jpg","#978a6a","#968969","#958868"
"https://i.redd.it/fsuv32a1cc9y.jpg","#997b70","#9d7c6d","#96786d"
"https://i.redd.it/ihczg3pmle3z.jpg","#849078","#8c9880","#828e76"
"https://i.redd.it/cpkq97klre4z.jpg","#b3a290","#b09f8d","#b1a08e"
"https://i.redd.it/sn7ufk9fsv4z.jpg","#b61412","#af1716","#b71113"
"https://i.redd.it/n9jq5j2tatcy.jpg","#f3ffff","#f3feff","#f4ffff"
"https://i.redd.it/0qow2dksb34z.jpg","#9fcaec","#9ecbec","#8ac5f1"
"https://i.imgur.com/HRgRMOw.jpg","#408a59","#40895b","#3a47a5"
"https://i.redd.it/rubsfuf64lvy.jpg","#dbe6ec","#dce7ed","#dde8ee"
"https://i.redd.it/ru12lvaf7jyy.jpg","#261616","#271718","#271717"
"https://i.redd.it/c5pk0vnpg3ty.jpg","#6e81cd","#6e81ce","#6e82cb"
"https://i.redd.it/fyqzavufvjwy.jpg","#dcb083","#daae81","#dbaf82"
"https://i.redd.it/lsuw4p2ncyny.jpg","#af7536","#ae7435","#b07638"
"https://i.redd.it/4m5yk8gjrtzy.jpg","#f11","#1022","#e00"
"https://i.redd.it/xae65ypfqycy.jpg","#c83a2e","#c24541","#703030"
"https://i.redd.it/1nlgrn49x7ry.jpg","#c7ad88","#caae89","#c8ae89"
"https://i.redd.it/w5q6gldnvcuy.jpg","#a0857a","#a3887d","#a1867b"
"https://i.redd.it/s5viyluv421z.jpg","#7a522f","#79512e","#7b5330"
"https://i.redd.it/h5t3qddvvzry.jpg","#706353","#716454","#6f6252"
"https://i.redd.it/7ofdqmp53bzy.jpg","#978a6a","#968969","#958868"
"https://i.redd.it/cwljeujku33z.jpg","#d0a66a","#d1a76b","#d2a86c"
"https://i.redd.it/ax4eueu0szpy.jpg","#bda19d","#b49894","#b69a96"
"https://i.redd.it/guul6eld2soy.jpg","#6b7b94","#6d7d96","#6a7e96"
"https://i.redd.it/m4cfqp8wfv5z.jpg","#a4978e","#a5988f","#a69990"
"https://i.redd.it/tb5pckm6e72y.jpg","#938264","#928163","#aea18e"
"https://i.redd.it/fyqzavufvjwy.jpg","#dcb083","#daae81","#dbaf82"
"https://i.imgur.com/HRgRMOw.jpg","#408a59","#40895b","#3a47a5"
"https://i.redd.it/rubsfuf64lvy.jpg","#dbe6ec","#dce7ed","#dde8ee"
"https://i.redd.it/ru12lvaf7jyy.jpg","#261616","#271718","#271717"
"https://i.redd.it/c5pk0vnpg3ty.jpg","#6e81cd","#6e81ce","#6e82cb"
"https://i.redd.it/ax4eueu0szpy.jpg","#bda19d","#b49894","#b69a96"
"https://i.redd.it/ihczg3pmle3z.jpg","#849078","#8c9880","#828e76"
"https://i.redd.it/cpkq97klre4z.jpg","#b3a290","#b09f8d","#b1a08e"
"https://i.redd.it/sn7ufk9fsv4z.jpg","#b61412","#af1716","#b71113"
"https://i.redd.it/n9jq5j2tatcy.jpg","#f3ffff","#f3feff","#f4ffff"
"https://i.redd.it/0qow2dksb34z.jpg","#9fcaec","#9ecbec","#8ac5f1"
"https://i.redd.it/lsuw4p2ncyny.jpg","#af7536","#ae7435","#b07638"
"https://i.redd.it/4m5yk8gjrtzy.jpg","#f11","#1022","#e00"
"https://i.redd.it/xae65ypfqycy.jpg","#c83a2e","#c24541","#703030"
"https://i.redd.it/1nlgrn49x7ry.jpg","#c7ad88","#caae89","#c8ae89"
"https://i.redd.it/w5q6gldnvcuy.jpg","#a0857a","#a3887d","#a1867b"
"https://i.redd.it/s5viyluv421z.jpg","#7a522f","#79512e","#7b5330"
"https://i.redd.it/h5t3qddvvzry.jpg","#706353","#716454","#6f6252"
"https://i.redd.it/7ofdqmp53bzy.jpg","#978a6a","#968969","#958868"
"https://i.redd.it/cwljeujku33z.jpg","#d0a66a","#d1a76b","#d2a86c"
"https://i.redd.it/fsuv32a1cc9y.jpg","#997b70","#9d7c6d","#96786d"
"https://i.redd.it/guul6eld2soy.jpg","#6b7b94","#6d7d96","#6a7e96"
"https://i.redd.it/m4cfqp8wfv5z.jpg","#a4978e","#a5988f","#a69990"
"https://i.redd.it/tb5pckm6e72y.jpg","#938264","#928163","#aea18e"
"https://i.redd.it/fyqzavufvjwy.jpg","#dcb083","#daae81","#dbaf82"
"https://i.redd.it/lsuw4p2ncyny.jpg","#af7536","#ae7435","#b07638"
